<?xml version='1.0' encoding='ISO-8859-1' ?>
<!-- $Revision: 1.1.6.1 $ $Date: 2004/04/20 22:13:25 $ -->

<toc version="1.0">

<!-- RWTH - Mindstorms NXT Toolbox -->
<tocitem target="./toolbox.html" image="$toolbox/matlab/icons/book_mat.gif">RWTH - Mindstorms NXT Toolbox

  <!-- Acknowledgements -->
  <tocitem target="./acknowledgements.html" image="$toolbox/matlab/icons/pagesicon.gif">Acknowledgements</tocitem>


  <!-- Getting Started -->
  <tocitem target="./start/about.html" image="$toolbox/matlab/icons/greencircleicon.gif">Getting Started
    <tocitem target="./start/what_is.html">What Is RWTH - Mindstorms NXT?</tocitem>
    <tocitem target="./start/requirements.html" image="$toolbox/matlab/icons/boardicon.gif">System Requirements</tocitem>
    <tocitem target="./start/help.html" image="$toolbox/matlab/icons/helpicon.gif">Getting Help</tocitem>
  </tocitem>


  <!-- Examples -->
  <tocitem target="./examples/examples.html" image="$toolbox/matlab/icons/demoicon.gif">Examples</tocitem>


  <!-- Tools -->
  <tocitem target="./tools/tools.html" image="$toolbox/matlab/icons/demoicon.gif">Tools</tocitem>


  <!-- Introduction -->
  <tocitem target="./introduction.html" image="$toolbox/matlab/icons/pagesicon.gif">Introduction</tocitem>


  <!-- NXT Hardware -->
  <tocitem target="./NXT_hardware/NXT_hardware.html" image="$toolbox/matlab/icons/pagesicon.gif">LEGO Mindstorms NXT Hardware</tocitem>


  <!-- Bluetooth / USB Connection -->
  <tocitem target="./communication/communication.html" image="$toolbox/matlab/icons/pagesicon.gif">Bluetooth / USB Communication</tocitem>


  
  <!-- MATLAB Functions -->
  <tocitem target="./programming/programming_robots.html" image="$toolbox/matlab/icons/pagesicon.gif">Tutorial: Programming Robots
    <tocitem target="./programming/prepare.html">Preparing the workspace</tocitem>
    <tocitem target="./programming/pc_nxt_communication.html">PC - NXT Communication</tocitem>
    <tocitem target="./programming/motor_control.html">Motor Control</tocitem>
    <tocitem target="./programming/sensor_control.html">Sensor Reading</tocitem>
    <tocitem target="./programming/direct_commands.html">Direct NXT Commands</tocitem>
  </tocitem>


  <!-- Troubleshooting -->
  <tocitem target="./programming/Troubleshooting.html" image="$toolbox/matlab/icons/pagesicon.gif">Troubleshooting</tocitem>

  
  <!-- Optimize Performance -->
  <tocitem target="./programming/OptimizePerformance.html" image="$toolbox/matlab/icons/boardicon.gif">Optimizing Performance</tocitem>

  <!-- NXT Motor Class 
  <tocitem target="./programming/AdvancedMotorControl.html" image="$toolbox/matlab/icons/pagesicon.gif">Advanced Motor Control</tocitem>
  -->
  
  <!-- Help -->
  <tocitem target="./functions/categories.html" image="$toolbox/matlab/icons/reficon.gif">Functions - By Category</tocitem>
  <tocitem target="./functions/abc.html" image="$toolbox/matlab/icons/reficon.gif">Functions - Alphabetical List</tocitem>
  <tocitem target="./functions/CommandLayers.html" image="$toolbox/matlab/icons/reficon.gif">Command Layer Structure</tocitem>
  
  <!--
  <tocitem target="./programming/ToolboxVer2Guidelines.html" image="$toolbox/matlab/icons/pagesicon.gif">Guideline for new v2.00 features</tocitem>  
  -->

  
  
  
  <!-- Release Notes & Version History -->
  <tocitem target="./release.html" image="$toolbox/matlab/icons/notesicon.gif">Release Notes &amp; Version History</tocitem>
  
  <!-- Copyrights & License -->
  <tocitem target="./license.html" image="$toolbox/matlab/icons/notesicon.gif">Copyrights &amp; License</tocitem>
  
  <!-- Demos -->
  <!--
  <tocitem target="./demos/watchAnalogSensor_gui.html" image="$toolbox/matlab/icons/figureicon.gif">Watch Analog Sensor GUI</tocitem>
  <tocitem target="./demos/watchMotorState_gui.html" image="$toolbox/matlab/icons/figureicon.gif">Watch Motor State GUI</tocitem>
  -->
  
  <!-- Web Pages -->
  <tocitem target="./webpages.html" image="$toolbox/matlab/icons/webicon.gif">Web Pages
    <tocitem target="http://www.mindstorms.rwth-aachen.de" image="$toolbox/matlab/icons/webicon.gif">RWTH - Mindstorms NXT Toolbox - Official Web Page</tocitem>
    <tocitem target="http://www.lfb.rwth-aachen.de/mindstorms" image="$toolbox/matlab/icons/webicon.gif">RWTH Project - MATLAB meets LEGO Mindstorms -</tocitem>
    <tocitem target="http://www.lfb.rwth-aachen.de/en/index.html" image="$toolbox/matlab/icons/webicon.gif">RWTH - Institute of Imaging and Computer Vision</tocitem>
    <tocitem target="http://www.rwth-aachen.de" image="$toolbox/matlab/icons/webicon.gif">RWTH Aachen University</tocitem>
    <tocitem target="http://www.mindstorms.com" image="$toolbox/matlab/icons/webicon.gif">LEGO MINDSTORMS NXT - Official Web Page</tocitem>
  </tocitem>

</tocitem>
</toc>
